title,link,source,time
'A very special day and I'm blown away' - Daiquiri Bay leaves Alan King lost for words with thrilling Ebor triumph,https://www.racingpost.com/news/reports/daiquiri-bay-gives-alan-king-and-rossa-ryan-ebor-success-as-wathnan-pair-denied-in-thrilling-finish-atXvK2D3R5pj/,racing_post,
‘We all knew what it meant’ - the incredible inside story of Constitution Hill’s schooling session from hell and glorious rebirth,https://www.racingpost.com/news/features/the-big-read/we-all-knew-what-it-meant-the-incredible-inside-story-of-constitution-hills-schooling-session-from-hell-and-glorious-rebirth-ajmt50K0W5JK/,racing_post,
The Melbourne Cup may be a bridge too far for Alan King - but George Boughey has already swooped to secure a top jockey,https://www.racingpost.com/news/reports/the-melbourne-cup-may-be-a-bridge-too-far-for-alan-king-but-george-boughey-has-already-swooped-to-secure-a-top-jockey-aO0TR8j3xfpW/,racing_post,
Dylan Browne McMonagle goes on a Curragh rampage with stunning 723-1 five-timer,https://www.racingpost.com/news/reports/i-didnt-expect-that-joseph-obrien-taken-aback-as-his-new-juddmonte-recruit-dazzles-on-debut-aXnKL9M95SLM/,racing_post,
"As it happened: Daiquiri Bay claims Ebor glory for Alan King, Dylan Browne McMonagle goes on Curragh rampage and huge gamble foiled at Deauville",https://www.racingpost.com/news/festivals/york-ebor-festival/york-ebor-festival-day-four-2026-live-latest-news-tips-results-rERxr4O8T221/,racing_post,
It's the best juvenile race of the season so far - and Tom Segal is sure this filly with impeccable form is the winner,https://www.racingpost.com/horse-racing-tips/premium-tips/pricewise/its-the-best-juvenile-race-of-the-season-so-far-and-tom-segal-is-sure-this-filly-with-impeccable-form-is-the-winner-aDTTu0D6AWAq/,racing_post,
"'We've won £3,000 on the race - but there were others who would have been a lot better' - Ebor result provides respite for beaten-up bookies",https://www.racingpost.com/news/reports/big-race-reaction/weve-won-3000-on-the-race-but-there-were-others-who-would-have-been-a-lot-better-ebor-result-provides-respite-for-beaten-up-bookies-aFPpX6x9TaZp/,racing_post,
Curragh: just how good is Giant Sequoia? Aidan O'Brien's latest promising juvenile remains ante-post Derby favourite with a gritty performance,https://www.racingpost.com/news/reports/just-how-good-is-giant-sequoia-aidan-obriens-latest-promising-juvenile-remains-ante-post-derby-favourite-with-a-gritty-performance-a0acn6Y9Sqzo/,racing_post,
"'I've won £20,000 twice!' - York racegoer lands two Placepot payouts - despite forgetting placing one of the bets",https://www.racingpost.com/news/festivals/york-ebor-festival/ive-won-20000-twice-york-racegoer-lands-two-placepot-payouts-despite-forgetting-placing-one-of-the-bets-a9VJx1Y0Pz0L/,racing_post,
City of York Stakes: Charlie Appleby 'very privileged' to train Notable Speech as Godolphin ace sets up Breeders' Cup defence with sixth top-level strike,https://www.racingpost.com/news/reports/old-master-notable-speech-shows-a-touch-of-class-in-city-of-york-stakes-aaUmC0U3U7sq/,racing_post,
Bittersweet day for Callum Rodriguez as Group 3 win followed by agonising drop of whip on Ebor runner-up during dramatic finish,https://www.racingpost.com/news/reports/big-race-reaction/theres-been-no-falling-out-ebor-winner-loosens-ties-with-bethell-and-wins-group-3-for-wathnan-auwlT0e1eFW8/,racing_post,
York: 'He's up there with the best in the country' - Hamad Al Jehani shows off training talents with Archivist's Strensall demolition,https://www.racingpost.com/news/reports/hes-up-there-with-the-best-in-the-country-hamad-al-jehani-shows-off-training-talents-with-archivists-strensall-demolition-aoi5v2u8PshN/,racing_post,
2.50 Deauville: can speedy Royal Ascot winner hand Clive Cox another success in the Prix Morny - or will Aidan O'Brien's trio prove too strong?,https://www.racingpost.com/news/raceday-intel/can-speedy-royal-ascot-winner-hand-clive-cox-another-success-in-the-prix-morny-or-will-aidan-obriens-trio-prove-too-strong-avS1q5j97aci/,racing_post,
3.25 Deauville: Diamond Necklace flirting with the realms of greatness - but will need another career-best to beat this hardy Group 1 winner,https://www.racingpost.com/news/raceday-intel/diamond-necklace-flirting-with-the-realms-of-greatness-but-will-need-another-career-bets-to-beat-this-hardy-group-1-winner-aANX86O0y3op/,racing_post,
"Free horseracing tips for Sunday, August 22 at Brighton and Naas",https://www.racingpost.com/horse-racing-tips/todays-top-tips/free-horseracing-tips-for-friday-august-20-at-york-and-salisbury-aenfM6a1MmAZ/,racing_post,
Six of the best for Sunday - Robbie Wilders' star ratings and selections worth including in your multiples,https://www.racingpost.com/horse-racing-tips/multiple-choice/six-of-the-best-for-sunday-star-ratings-and-selections-worth-including-in-your-multiples-a1UHa9G5Vitj/,racing_post,
Killarney: jockey Gary Noonan airlifted to hospital as racing delayed for nearly an hour following fall,https://www.racingpost.com/news/reports/jockey-gary-noonan-airlifted-to-hospital-as-racing-delayed-for-nearly-an-hour-at-killarney-following-fall-aAP0l8h8zc2h/,racing_post,
Wathnan Racing set to have first runner in Australia with Royal Ascot winner bound for Cox Plate,https://www.racingpost.com/news/international/australia/wathnan-racing-set-to-have-first-runner-in-australia-with-royal-ascot-winner-bound-for-cox-plate-amRGG6s4ykDs/,racing_post,
'A fantastic horse who wore his heart on his sleeve' - two-time Stayers' Hurdle winner Flooring Porter retired at the age of 11,https://www.racingpost.com/news/jump-racing/a-fantastic-horse-who-wore-his-heart-on-his-sleeve-two-time-stayers-hurdle-winner-flooring-porter-retired-at-the-age-of-11-aK0uC7K38w7I/,racing_post,
'I’ve not mistimed it and my hand didn't slip off' - Callum Shepherd defends blindfold mishap at York,https://www.racingpost.com/news/festivals/york-ebor-festival/ive-not-mistimed-it-and-my-hand-didnt-slip-off-callum-shepherd-defends-blindfold-mishap-at-york-aIbdm1U5gg8c/,racing_post,
"Nunthorpe Stakes: 'This is unbelievable!' - brilliant Bacio delivers stunning win for America, and Wesley Ward wants to conquer Australia now",https://www.racingpost.com/news/reports/american-star-bacio-scorches-home-in-devastating-all-the-way-success-in-the-nunthorpe-aYVp22U6Yaxc/,racing_post,
"'I gotta go, I gotta go' - brilliant Bacio's jockey Juan Hernandez dashes from York and then defeats a Russian military jet",https://www.racingpost.com/news/reports/i-gotta-go-i-gotta-go-brilliant-bacios-jockey-juan-hernandez-dashes-from-york-and-then-defeats-a-russian-military-jet-anJDA2R9mnGw/,racing_post,
'It was a five o'clock decision to get on the van' - Item overcomes foot scare and traffic trouble to down big guns in Juddmonte International,https://www.racingpost.com/news/reports/item-overcomes-late-scare-to-break-almaqams-heart-in-thrilling-juddmonte-international-aPL1M2h0eunw/,racing_post,
'I would like to think Ian gave Andrew the confidence to take things on' - a summer of Group 1s and the son carrying his father's legacy forward,https://www.racingpost.com/news/reports/that-horse-had-our-hearts-in-our-mouths-how-item-overcame-his-sensitive-soles-to-humble-two-juddmonte-international-hotpots-ac9KF0b17Kak/,racing_post,
Trainers would put Oscar-winning actors to shame - but excuses are essential to survive in this game,https://www.racingpost.com/news/opinion/comment/trainers-would-put-oscar-winning-actors-to-shame-but-excuses-are-essential-to-survive-in-this-game-aUhWY0j23gJd/,racing_post,
"Clowns to the left of me, Coolmore to the right, here I am, stuck in the middle in Deauville",https://www.racingpost.com/bloodstock/features/sales-diary/clowns-to-the-left-of-me-coolmore-to-the-right-here-i-am-stuck-in-the-middle-in-deauville-afzQf6u5OFBT/,racing_post,
'It's the number one factor that would make me have a bet' - racing's best betting brains on how to master a 'hugely underplayed' part of the sport,https://www.racingpost.com/news/features/series/its-the-number-one-factor-that-would-make-me-have-a-bet-racings-best-betting-brains-on-how-to-master-a-hugely-underplayed-part-of-the-sport-aJDTu3p25VS6/,racing_post,
"'Nobody knows what went on behind closed doors. I was looking at six to ten years, do you know that?'",https://www.racingpost.com/news/features/series/nobody-knows-what-went-on-behind-closed-doors.-i-was-looking-at-six-to-ten-years-do-you-know-that-aheZN7E5Own3,racing_post,
'I needed those life-changing bets' - meet the former Pricewise who got out on top after an incredible Jackpot win,https://www.racingpost.com/news/features/series/i-needed-those-life-changing-bets-meet-the-former-pricewise-who-got-out-on-top-after-an-incredible-jackpot-win-av3wb1h1dHHg/,racing_post,
From woefully basic pools coupons to 979 wides and a golden age - how sports betting evolved and exploded,https://www.racingpost.com/sport/40-years-of-expertise/from-woefully-basic-pools-coupons-to-979-wides-and-a-golden-age-how-sports-betting-evolved-and-exploded-a1Yqn4K5G1Ba/,racing_post,
"'He punted too much, drank too much and the answer to every problem was to have a fag - but he was a cut above everybody'",https://www.racingpost.com/news/features/series/he-punted-too-much-drank-too-much-and-the-answer-to-every-problem-was-to-have-a-fag-but-he-was-a-cut-above-everybody-aj2nZ5U7fNuz/,racing_post,
'I napped a 50-1 winner and I've still got the picture in my office' - legendary tipster Henry Rix on how he's banged in winners for 30 years,https://www.racingpost.com/news/features/series/i-napped-a-50-1-winner-and-ive-still-got-the-picture-in-my-office-legendary-tipster-henry-rix-on-how-hes-banged-in-winners-for-30-years-aFvsp0c76mnG/,racing_post,
Newton Abbot: Alix Balfe wins his first race in Britain aboard My Girl Katie,https://www.racingpost.com/news/reports/i-broke-my-wrist-and-got-badly-concussed-alix-balfe-overcomes-injury-setbacks-to-strike-on-first-british-ride-anrHj4M6CpjJ/,racing_post,
Chester: Ian Williams' 16-1 shot Midak springs a surprise - while Hector Crouch rides a treble,https://www.racingpost.com/news/reports/hes-a-quirky-sort-but-hes-got-loads-of-ability-midak-springs-16-1-surprise-in-chester-stakes-aTfSx7f4J6y1/,racing_post,
'He's bombproof' – but even Maltese Cross would benefit from a Brexit border fix that can't come too soon,https://www.racingpost.com/news/opinion/comment/hes-bombproof-but-even-maltese-cross-would-benefit-from-a-brexit-border-fix-that-cant-come-too-soon-aeno51m7dcZd/,racing_post,
Charlie Appleby’s two-year-old ammunition is frightening - but don’t be surprised by his zero Group 1 entries on Champions Day,https://www.racingpost.com/news/opinion/comment/charlie-applebys-two-year-old-ammunition-is-frightening-but-dont-be-surprised-by-his-zero-group-1-entries-on-champions-day-agkBr9t6T7KI/,racing_post,
I think this speedster will prove a cut above his Nunthorpe rivals - plus my five handicappers to follow this week,https://www.racingpost.com/news/opinion/comment/i-cant-back-constitution-river-at-15-8-despite-loving-him-but-im-already-on-one-big-ebor-meeting-fancy-and-have-five-handicappers-to-follow-afq5I9e3QFkj/,racing_post,
"First-time racegoer walks away with £30,000 payout after last-minute decision to attend York's Ebor festival",https://www.racingpost.com/news/festivals/york-ebor-festival/surprise-results-on-day-three-of-ebor-festival-lead-to-monster-20315-placepot-dividend-a8uox0U2STyE/,racing_post,
"National Racehorse Week - what is it, when is it and what can you expect?",https://www.racingpost.com/news/britain/national-racehorse-week/national-racehorse-week-what-is-it-when-is-it-and-what-can-you-expect-aWsDF7W6TEBR/,racing_post,
'Onwards and upwards' for Harry Skelton after he joins top ten list of winningmost jump jockeys of all time with Stratford double,https://www.racingpost.com/news/people/jockeys/harry-skelton-joins-top-ten-list-of-winningmost-jump-jockeys-of-all-time-with-stratford-double-aQHm78g9jPI1/,racing_post,
4.35 Curragh: Royal Ascot winner snubs Ebor in favour of Irish St Leger Trial as Joseph O'Brien plots ambitious Australian path,https://www.racingpost.com/news/raceday-intel/royal-ascot-winner-snubs-ebor-in-favour-of-irish-st-leger-trial-as-joseph-obrien-plots-ambitious-australian-path-a4hDJ3G9XAyE/,racing_post,
Oaks and Derby ante-post favourites put their reputations on the line in quality juvenile action at the Curragh,https://www.racingpost.com/news/raceday-intel/oaks-and-derby-ante-post-favourites-put-their-reputations-on-the-line-in-quality-juvenile-action-at-the-curragh-aMQUy9A4cPIk/,racing_post,
Deauville: In the steps of Vadeni and Brametot? Karl Burke's Rosberg a two-year-old to follow after impressive Listed success,https://www.racingpost.com/news/reports/in-the-steps-of-vadeni-and-brametot-karl-burkes-rosberg-a-two-year-old-to-follow-after-impressive-listed-success-anE8Z2r4dvkl/,racing_post,
Giavellotto to skip the Arc - but Marco Botti eyes a different international Group 1 for his stable star,https://www.racingpost.com/news/international/giavellotto-to-skip-the-arc-as-marco-botti-eyes-first-visit-to-germany-for-his-globetrotting-stable-star-a4FUv1Z2qhcR/,racing_post,
"'If Barry Hills was sixth form and Mark Prescott was university, then Luca Cumani was finishing school'",https://www.racingpost.com/news/features/series/if-barry-hills-was-sixth-form-and-mark-prescott-was-university-then-luca-cumani-was-finishing-school-aIyaY6u3PFYY/,racing_post,
‘He didn't give a monkey's about what anyone else thought - it was done totally on his time and his terms’,https://www.racingpost.com/news/features/series/he-didnt-give-a-monkeys-about-what-anyone-else-thought-it-was-done-totally-on-his-time-and-his-terms-akIg35W9A9OP/,racing_post,
'I was really lit up and hit him over the head with his frying pan' - lessons in discipline from Sir Mark Prescott (and one William Haggas will never forget),https://www.racingpost.com/news/features/series/i-was-really-lit-up-and-hit-him-over-the-head-with-his-frying-pan-lessons-in-discipline-from-sir-mark-prescott-and-one-william-haggas-will-never-forget-agyGB0w8oySM/,racing_post,
‘Nicky thought I used to play too hard and turned up a little bit bleary-eyed - but it takes one to know one’,https://www.racingpost.com/news/features/series/nicky-thought-i-used-to-play-too-hard-and-turned-up-a-little-bit-bleary-eyed-but-it-takes-one-to-know-one-aCqr41q8NbiE/,racing_post,
"‘Out of both codes, I think he’s the best trainer in Britain - and the further I go in my own career, the more I look up to him’",https://www.racingpost.com/news/features/series/out-of-both-codes-i-think-hes-the-best-trainer-in-britain-and-the-further-i-go-in-my-own-career-the-more-i-look-up-to-him-acKRL7L24gTU/,racing_post,
"'I was in an induced coma and very, very lucky to survive - but then I had to prove I was still good enough and the accident hadn't knocked me'",https://www.racingpost.com/news/features/interviews/i-was-in-an-induced-coma-and-very-very-lucky-to-survive-but-then-i-had-to-prove-i-was-still-good-enough-and-the-accident-hadnt-knocked-me-asxb06I0NxLT/,racing_post,
"He's survived a scalping, two broken legs and bankruptcy - but now this extraordinary trainer has reached the end of the road",https://www.racingpost.com/news/features/interviews/hes-survived-a-scalping-two-broken-legs-and-bankruptcy-but-now-this-extraordinary-trainer-has-reached-the-end-of-the-road-awTl80C50mZ3/,racing_post,
'Being a pop star isn't too dissimilar to being a jockey' - meet the X Factor star who’s gone back to his racing roots in Newmarket,https://www.racingpost.com/news/features/interviews/being-a-pop-star-isnt-too-dissimilar-to-being-a-jockey-meet-the-x-factor-star-whos-gone-back-to-his-racing-roots-in-newmarket-aluEJ5l1R70i/,racing_post,
'My stomach was swelling up as there was so much blood in it' - how a champion jockey cheated death to embark on a 'mad' new career,https://www.racingpost.com/news/features/the-big-read/my-stomach-was-swelling-up-as-there-was-so-much-blood-in-it-how-a-champion-jockey-cheated-death-to-embark-on-a-mad-new-career-aCYu72Y71N3y/,racing_post,
Big gambling firms finding ways to weather tax rises - and they could leave the giants stronger than ever,https://www.racingpost.com/news/opinion/comment/tax-rises-were-meant-to-hurt-the-big-gambling-firms-instead-they-could-leave-the-giants-stronger-than-ever-aZbll6j2YuxB/,racing_post,
Jockey Club departure from RCA comes at a critical moment for British racing with funding model under pressure,https://www.racingpost.com/news/opinion/comment/jockey-club-departure-from-rca-comes-at-a-critical-moment-for-british-racing-with-funding-model-under-pressure-aBLkH3E5mOUf/,racing_post,
A familiar name returns as prediction markets continue to challenge the established order in the gambling industry,https://www.racingpost.com/news/opinion/comment/a-familiar-name-returns-as-prediction-markets-continue-to-challenge-the-established-order-in-the-gambling-industry-acSMo4l4tzwA/,racing_post,
"Are you a man aged 55 or older? If so, the Gambling Commission could be about to come after you in particular",https://www.racingpost.com/news/opinion/comment/are-you-a-man-aged-55-or-older-if-so-the-gambling-commission-could-be-about-to-come-after-you-in-particular-a22CP8B4KxIX/,racing_post,
"Poker genius, visionary football chairman and pioneering data-led punter - the many (profitable) faces of Tony Bloom",https://www.racingpost.com/news/features/masters-of-betting/poker-genius-visionary-football-chairman-and-pioneering-data-led-punter-the-many-profitable-faces-of-tony-bloom-a0UWt2Y6DPmh/,racing_post,
"Introducing Masters of Betting, an unmissable series available now - read it all with 25% off RP+",https://www.racingpost.com/news/introducing-masters-of-betting-an-unmissable-series-next-week-in-the-racing-post-read-it-all-with-25-off-rp-aJKV17m1iNzx/,racing_post,
"'I was down £11,000 but you can't let that alter what you do' - meet one of the giants of on-course betting",https://www.racingpost.com/news/features/masters-of-betting/i-was-down-11000-but-you-cant-let-that-alter-what-you-do-meet-one-of-the-giants-of-on-course-betting-aXYs01f58AHh/,racing_post,
When science met punting: the godfather of modern-day betting and his golden rules that remain valid to this day,https://www.racingpost.com/news/features/masters-of-betting/when-science-met-punting-the-godfather-of-modern-day-betting-and-his-golden-rules-that-remain-valid-to-this-day-aO1b67N07bKR/,racing_post,
How a dodgy bank loan led to nearly 40 years as a pro punter - proving old-school methods still have their place,https://www.racingpost.com/news/features/masters-of-betting/how-a-dodgy-bank-loan-led-to-nearly-40-years-as-a-pro-punter-proving-old-school-methods-still-have-their-place-aKazg3g7sdy3/,racing_post,
馬場浮世繪｜華特「吻一吻」得償夙願 (Racing Vignettes | Ward's Bacio fulfills long-cherished wish),https://www.stheadline.com/realtime-racing/3607139/馬場浮世繪華特吻一吻得償夙願,singtao_racing,2026-08-22 11:03 (14小時前)
賀賢馬房拜神 (David Hayes' Stable Prays for Good Luck),https://www.stheadline.com/realtime-racing/3607137/賀賢馬房拜神,singtao_racing,2026-08-22 10:03 (15小時前)
告東尼馬房拜神 馬主大堆頭 (Tony Cruz's Stable Prays for Good Luck with Many Owners),https://www.stheadline.com/realtime-racing/3607136/告東尼馬房拜神-馬主大堆頭,singtao_racing,2026-08-22 10:03 (15小時前)
馬場浮世繪｜世界星級騎師大賽首日 勞樑楝暫以四十分領先 (Racing Vignettes | Joao Moreira Temporarily Leads with 40 Points on Day One of the International Jockeys' Championship),https://www.stheadline.com/realtime-racing/3607117/馬場浮世繪世界星級騎師大賽首日-勞樑楝暫以四十分領先,singtao_racing,2026-08-22 09:03 (16小時前)
呂健威馬房拜神 (Francis Lui's Stable Prays for Good Luck),https://www.stheadline.com/realtime-racing/3607111/呂健威馬房拜神,singtao_racing,2026-08-22 09:03 (16小時前)
約克市錦標：「名演說」縮程復前失 (City of York Stakes: Notable Speech Compensates for Previous Failure Over Shorter Trip),https://www.stheadline.com/realtime-racing/3606854/約克市錦標名演說縮程復前失,singtao_racing,2026-08-23 01:03 (2026-08-21 17:58 HKT)
「過關勇士」擺慶功宴 (Fantastic Treasure Hosts Celebration Banquet),https://www.stheadline.com/realtime-racing/3606747/過關勇士擺慶功宴,singtao_racing,2026-08-23 01:03 (2026-08-21 13:33 HKT)
潘頓新季做實力顏值擔當 (Purton Becomes the Epitome of Strength and Style in the New Season),https://www.stheadline.com/realtime-racing/3606734/潘頓新季做實力顏值擔當,singtao_racing,2026-08-23 01:03 (2026-08-21 13:00 HKT)
楠索普錦標 「吻一吻」擺擂台特破 (Nunthorpe Stakes: Bacio Makes an Exceptional Breakthrough),https://www.stheadline.com/realtime-racing/3606473/楠索普錦標-吻一吻擺擂台特破,singtao_racing,2026-08-23 01:03 (2026-08-20 18:10 HKT)
開鑼在即 多個倉口本周末拜神祈福 (Season About to Start: Many Stables Pray for Good Luck This Weekend),https://www.stheadline.com/realtime-racing/3606453/開鑼在即-多個倉口本周末拜神祈福,singtao_racing,2026-08-23 01:03 (2026-08-20 17:23 HKT)
陳家樑感謝呂廄團隊 宴請美味烤肉 (Chan Ka-leung Thanks Francis Lui's Team with Delicious Barbecue),https://www.stheadline.com/realtime-racing/3606390/陳家樑感謝呂廄團隊-宴請美味烤肉,singtao_racing,2026-08-23 01:03 (2026-08-20 15:17 HKT)
馬場浮世繪｜高仕登指「監察官」敗在場地鬆軟 (Racing Vignettes | Gosden States Mostahdaf Lost Due to Soft Ground),https://www.stheadline.com/realtime-racing/3606375/馬場浮世繪高仕登指監察官敗在場地鬆軟,singtao_racing,2026-08-23 01:03 (2026-08-20 14:42 HKT)
"馬場浮世繪｜巴西騎師韓偉傑墮馬身亡 終年二十七歲 (Racing Vignettes | Brazilian Jockey Vagner Leal Dies in Fall, Aged 27)",https://www.stheadline.com/realtime-racing/3606372/馬場浮世繪巴西騎師韓偉傑墮馬身亡-終年二十七歲,singtao_racing,2026-08-23 01:03 (2026-08-20 14:32 HKT)
潘頓一家策馬為樂 (The Purton Family Enjoys Horse Riding),https://www.stheadline.com/realtime-racing/3606310/潘頓一家策馬為樂,singtao_racing,2026-08-23 01:03 (2026-08-20 11:41 HKT)
約克郡橡樹大賽：「幻夢逸想」約定連捷 (Yorkshire Oaks: Warm Heart Aims for Back-to-Back Wins),https://www.stheadline.com/realtime-racing/3606018/約克郡橡樹大賽幻夢逸想約定連捷,singtao_racing,2026-08-23 01:03 (2026-08-19 17:15 HKT)
馬場浮世繪｜南非版冠軍人馬獎 史奈斯成大贏家 (Racing Vignettes | Snaith Emerges as Big Winner in South African Horse of the Year Awards),https://www.stheadline.com/realtime-racing/3606000/馬場浮世繪南非版冠軍人馬獎-史奈斯成大贏家,singtao_racing,2026-08-23 01:03 (2026-08-19 15:41 HKT)
郭富城騎馬型格十足 (Aaron Kwok Looks Very Stylish on Horseback),https://www.stheadline.com/realtime-racing/3605885/郭富城騎馬型格十足,singtao_racing,2026-08-23 01:03 (2026-08-19 09:40 HKT)
李卓然設宴答謝韋達團隊 (Alex Lee Hosts Banquet to Thank John Size's Team),https://www.stheadline.com/realtime-racing/3605809/李卓然設宴答謝韋達團隊,singtao_racing,2026-08-23 01:03 (2026-08-19 00:04 HKT)
岳伯仁望八奪國際錦標 (Aidan O'Brien Aims for Eighth Juddmonte International Win),https://www.stheadline.com/realtime-racing/3605718/岳伯仁望八奪國際錦標,singtao_racing,2026-08-23 01:03 (2026-08-18 18:50 HKT)
"國際錦標伊波戲肉  岳伯仁爭霸要問「監察官」 (Juddmonte International, Ebor Festival's Main Event: Aidan O'Brien's Challenge Depends on Mostahdaf)",https://www.stheadline.com/realtime-racing/3605690/國際錦標伊波戲肉-岳伯仁爭霸要問監察官,singtao_racing,2026-08-23 01:03 (2026-08-18 17:47 HKT)
And One More Time Prevails in Ballston Spa,https://www.bloodhorse.com/horse-racing/articles/293953/and-one-more-time-prevails-in-ballston-spa,bloodhorse_news,"2026-08-23 19:50 (ByNicole RussoToday, 7:50 PM)"
My Gun's Loaded Upsets Counting Stars in Alabama,https://www.bloodhorse.com/horse-racing/articles/293954/my-guns-loaded-upsets-counting-stars-in-alabama,bloodhorse_news,"2026-08-23 19:29 (BySean CollinsToday, 7:29 PM)"
Favored Reagan's Flame Takes Seaway Stakes at Woodbine,https://www.bloodhorse.com/horse-racing/articles/293951/favored-reagans-flame-takes-seaway-stakes-at-woodbine,bloodhorse_news,"2026-08-23 17:59 (BySean CollinsToday, 5:59 PM)"
Always a Runner's Sister Wins Impressively on Debut,https://www.bloodhorse.com/horse-racing/articles/293950/always-a-runners-sister-wins-impressively-on-debut,bloodhorse_news,"2026-08-23 16:56 (BySean CollinsToday, 4:56 PM)"
Orthodox Puts Unbeaten Streak on the Line in Prix Morny,https://www.bloodhorse.com/horse-racing/articles/293947/orthodox-puts-unbeaten-streak-on-the-line-in-prix-morny,bloodhorse_news,"2026-08-23 15:25 (ByHarry Wilson/Racing PostToday, 3:25 PM)"
Diamond Necklace Headlines Prix Jean Romanet Field,https://www.bloodhorse.com/horse-racing/articles/293949/diamond-necklace-headlines-prix-jean-romanet-field,bloodhorse_news,"2026-08-23 15:07 (ByScott Burton/Racing PostToday, 3:07 PM)"
Notable Speech Rebounds to Take City of York Stakes,https://www.bloodhorse.com/horse-racing/articles/293946/notable-speech-rebounds-to-take-city-of-york-stakes,bloodhorse_news,"2026-08-23 14:59 (ByRacing Post StaffToday, 2:59 PM)"
"Saez Rides 4,000th North American Winner",https://www.bloodhorse.com/horse-racing/articles/293948/saez-rides-4-000th-north-american-winner,bloodhorse_news,"2026-08-23 14:59 (BySean CollinsToday, 2:59 PM)"
Echoes of the Past Give the Classic an Extra Kick,https://www.bloodhorse.com/horse-racing/articles/293941/echoes-of-the-past-give-the-classic-an-extra-kick,bloodhorse_news,"2026-08-22 20:00 (ByJay HovdeyYesterday, 8:00 PM)"
Final Hawthorne Eviction Date Set for Aug. 31,https://www.bloodhorse.com/horse-racing/articles/293942/final-hawthorne-eviction-date-set-for-aug-31,bloodhorse_news,"2026-08-22 18:07 (ByBob KieckheferYesterday, 6:07 PM)"
"Profoundly, Ole Kirk Share Top Inglis Digital Catalog",https://www.bloodhorse.com/horse-racing/articles/293940/profoundly-ole-kirk-share-top-inglis-digital-catalog,bloodhorse_news,"2026-08-22 16:08 (Yesterday, 4:08 PM)"
Asfoora Retired After Finishing Eighth in Nunthorpe,https://www.bloodhorse.com/horse-racing/articles/293939/asfoora-retired-after-finishing-eighth-in-nunthorpe,bloodhorse_news,"2026-08-22 15:22 (ByDavid Carr/Racing PostYesterday, 3:22 PM)"
Old Friends Unveils Breeders' Cup Celebration Events,https://www.bloodhorse.com/horse-racing/articles/293938/old-friends-unveils-breeders-cup-celebration-events,bloodhorse_news,"2026-08-22 14:31 (Yesterday, 2:31 PM)"
Ka Ying Rising Dominates in Barrier Trial,https://www.bloodhorse.com/horse-racing/articles/293937/ka-ying-rising-dominates-in-barrier-trial,bloodhorse_news,"2026-08-22 14:16 (ByANZ Bloodstock News StaffYesterday, 2:16 PM)"
Bacio Delivers Nunthorpe Victory for Ward,https://www.bloodhorse.com/horse-racing/articles/293936/bacio-delivers-nunthorpe-victory-for-ward,bloodhorse_news,"2026-08-22 14:10 (ByMatt Rennie/Racing PostYesterday, 2:10 PM)"
Notable Speech Headlines 7-Furlong City of York Stakes,https://www.bloodhorse.com/horse-racing/articles/293935/notable-speech-headlines-7-furlong-city-of-york-stakes,bloodhorse_news,"2026-08-22 14:03 (ByHarry Wilson/Racing PostYesterday, 2:03 PM)"
Proletariat's Del Mar Foes Have Their Work Cut Out,https://www.bloodhorse.com/horse-racing/articles/293933/proletariats-del-mar-foes-have-their-work-cut-out,bloodhorse_news,"2026-08-22 13:26 (ByJay HovdeyYesterday, 1:26 PM)"
Stakes Preview: Pacific Classic & Alabama,https://www.bloodhorse.com/horse-racing/videos/293934/stakes-preview-pacific-classic-and-alabama,bloodhorse_news,"2026-08-22 13:19 (Yesterday, 1:19 PM)"
"Veteran Rider Chiappe Rides 1,000th Winner",https://www.bloodhorse.com/horse-racing/milestones,bloodhorse_news,"2026-08-22 12:29 (ByKaren M. JohnsonYesterday, 12:29 PM)"
Kentucky Regulator Denies Borell's Request for License,https://www.bloodhorse.com/horse-racing/articles/293932/kentucky-regulator-denies-borells-request-for-license,bloodhorse_news,"2026-08-22 11:45 (ByFrank AngstYesterday, 11:45 AM)"
Pacific Classic to Test Stamina of Key Contenders,https://www.bloodhorse.com/horse-racing/articles/293921/pacific-classic-to-test-stamina-of-key-contenders,bloodhorse_news,"2026-08-22 08:00 (ByByron KingYesterday, 8:00 AM)"
Arrowfield's Vandeek Ruled Out for Breeding Season,https://www.bloodhorse.com/horse-racing/articles/293929/arrowfields-vandeek-ruled-out-for-breeding-season,bloodhorse_news,"2026-08-23 01:03 (ByTrevor Marshallsea/ANZ Bloodstock NewsThursday, 4:53 PM)"
"Favorites Loom Large in Alabama, Pacific Classic",https://www.bloodhorse.com/horse-racing/articles/293927/favorites-loom-large-in-alabama-pacific-classic,bloodhorse_news,"2026-08-23 01:03 (ByJ. Keeler JohnsonThursday, 4:40 PM)"
"Autumn Glow, Sheza Alibi Square Off in Winx Stakes",https://www.bloodhorse.com/horse-racing/articles/293928/autumn-glow-sheza-alibi-square-off-in-winx-stakes,bloodhorse_news,"2026-08-23 01:03 (ByTrevor Marshallsea/ANZ Bloodstock NewsThursday, 4:36 PM)"
All Eyes on Knightsbridge in Del Mar's Pacific Classic,https://www.bloodhorse.com/horse-racing/articles/293926/all-eyes-on-knightsbridge-in-del-mars-pacific-classic,bloodhorse_news,"2026-08-23 01:03 (ByJay HovdeyThursday, 4:04 PM)"
Ward's Royal Ascot Winner Bacio Heads Nunthorpe Field,https://www.bloodhorse.com/horse-racing/articles/293925/wards-royal-ascot-winner-bacio-heads-nunthorpe-field,bloodhorse_news,"2026-08-23 01:03 (ByScott Burton/Racing PostandLiam Headd/Racing PostThursday, 2:59 PM)"
Kalpana Prevails in Thrilling Yorkshire Oaks Finish,https://www.bloodhorse.com/horse-racing/articles/293922/kalpana-prevails-in-thrilling-yorkshire-oaks-finish,bloodhorse_news,"2026-08-23 01:03 (ByMatt Rennie/Racing PostThursday, 2:46 PM)"
Thomson to Lead Marketing at Churchill Downs,https://www.bloodhorse.com/horse-racing/articles/293924/thomson-to-lead-marketing-at-churchill-downs,bloodhorse_news,"2026-08-23 01:03 (Thursday, 2:35 PM)"
Prairie Meadows to Increase Thoroughbred Purses,https://www.bloodhorse.com/horse-racing/articles/293923/prairie-meadows-to-increase-thoroughbred-purses,bloodhorse_news,"2026-08-23 01:03 (Thursday, 2:19 PM)"
Two More Yearlings Added to Keeneland September Book 1,https://www.bloodhorse.com/horse-racing/articles/293920/two-more-yearlings-added-to-keeneland-september-book-1,bloodhorse_news,"2026-08-23 01:03 (Thursday, 12:08 PM)"
Sadler Has Full Serrano Ready for Pacific Classic,https://www.bloodhorse.com/horse-racing/articles/293916/sadler-has-full-serrano-ready-for-pacific-classic,bloodhorse_news,"2026-08-23 01:03 (ByNicole RussoThursday, 8:00 AM)"
Railside Tailgating One of KY Downs' Many Unique Traits,https://www.bloodhorse.com/horse-racing/articles/293915/railside-tailgating-one-of-ky-downs-many-unique-traits,bloodhorse_news,"2026-08-23 01:03 (BySean CollinsThursday, 7:00 AM)"
Creed's Gold Seeks Second Straight Graded Win in Seaway,https://www.bloodhorse.com/horse-racing/articles/293918/creeds-gold-seeks-second-straight-graded-win-in-seaway,bloodhorse_news,"2026-08-23 01:03 (ByJoe PerezWednesday, 6:36 PM)"
Judge Nixes Hawthorne Ask for Marshals to Clear Workers,https://www.bloodhorse.com/horse-racing/articles/293917/judge-nixes-hawthorne-ask-for-marshals-to-clear-workers,bloodhorse_news,"2026-08-23 01:03 (ByBob KieckheferWednesday, 5:44 PM)"
Chachnak Colt Tops Arqana V2 Yearling Session,https://www.bloodhorse.com/horse-racing/articles/293914/chachnak-colt-tops-arqana-v2-yearling-session,bloodhorse_news,"2026-08-23 01:03 (ByLydia Symonds/Racing PostWednesday, 4:10 PM)"
Counting Stars Faces Saratoga's History in Alabama,https://www.bloodhorse.com/horse-racing/articles/293912/counting-stars-faces-saratogas-history-in-alabama,bloodhorse_news,"2026-08-23 01:03 (BySean CollinsWednesday, 3:56 PM)"
NTWAB Announces Honorees for Annual Awards Dinner,https://www.bloodhorse.com/horse-racing/articles/293913/ntwab-announces-honorees-for-annual-awards-dinner,bloodhorse_news,"2026-08-23 01:03 (Wednesday, 3:27 PM)"
Gilligan Racing Notes Progress Toward FL Track,https://www.bloodhorse.com/horse-racing/articles/293910/gilligan-racing-notes-progress-toward-fl-track,bloodhorse_news,"2026-08-23 01:03 (Wednesday, 3:12 PM)"
Haffner Impressive in Acomb Stakes Victory,https://www.bloodhorse.com/horse-racing/articles/293909/haffner-impressive-in-acomb-stakes-victory,bloodhorse_news,"2026-08-23 01:03 (ByCasey Gore/Racing PostWednesday, 3:08 PM)"
Minnie Hauk Bids to Defend Yorkshire Oaks Crown,https://www.bloodhorse.com/horse-racing/articles/293911/minnie-hauk-bids-to-defend-yorkshire-oaks-crown,bloodhorse_news,"2026-08-23 01:03 (ByDavid Jennings/Racing PostandSadie Iddenden/Racing PostWednesday, 3:02 PM)"
"Brown Pursues Ninth Ballston Spa With Segesta, Grayosh",https://www.bloodhorse.com/horse-racing/articles/293908/brown-pursues-ninth-ballston-spa-with-segesta-grayosh,bloodhorse_news,"2026-08-23 01:03 (BySean CollinsWednesday, 2:28 PM)"
Item Gets Up Late to Win International Stakes,https://www.bloodhorse.com/horse-racing/articles/293906/item-gets-up-late-to-win-international-stakes,bloodhorse_news,"2026-08-23 01:03 (ByScott Burton/Racing PostWednesday, 2:07 PM)"
Road to Del Mar Oaks Leads Down Kensington Lane,https://www.bloodhorse.com/horse-racing/articles/293904/road-to-del-mar-oaks-leads-down-kensington-lane,bloodhorse_news,"2026-08-23 01:03 (ByJay HovdeyWednesday, 1:57 PM)"
Sam Houston to Open in December; Adds Stakes,https://www.bloodhorse.com/horse-racing/articles/293905/sam-houston-to-open-in-december-adds-stakes,bloodhorse_news,"2026-08-23 01:03 (Wednesday, 1:49 PM)"
Rivera Jr.'s Iselin Win Lands Jockey of the Week Honors,https://www.bloodhorse.com/horse-racing/articles/293903/rivera-jr-s-iselin-win-lands-jockey-of-the-week-honors,bloodhorse_news,"2026-08-23 01:03 (Wednesday, 10:54 AM)"
Luster Shines Light on Sire Knicks Go,https://www.bloodhorse.com/horse-racing/articles/293894/luster-shines-light-on-sire-knicks-go,bloodhorse_news,"2026-08-23 01:03 (ByAlan PorterWednesday, 8:00 AM)"
Podcast Playback: Quotes of Interest From Aug. 12-18,https://www.bloodhorse.com/horse-racing/articles/293890/podcast-playback-quotes-of-interest-from-aug-12-18,bloodhorse_news,"2026-08-23 01:03 (ByFrank AngstWednesday, 7:00 AM)"
Mullins Joins Heavyweights at Arqana August Sale,https://www.bloodhorse.com/horse-racing/articles/293895/mullins-joins-heavyweights-at-arqana-august-sale,bloodhorse_news,"2026-08-23 01:03 (ByJames Thomas/Racing PostTuesday, 6:36 PM)"
Motorious Bids for Fourth Consecutive Green Flash Win,https://www.bloodhorse.com/horse-racing/articles/293889/motorious-bids-for-fourth-consecutive-green-flash-win,bloodhorse_news,"2026-08-23 01:03 (ByByron KingTuesday, 5:05 PM)"
Pacific Classic a Highlight on Week's Radio/TV Schedule,https://www.bloodhorse.com/horse-racing/articles/293893/pacific-classic-a-highlight-on-weeks-radio-tv-schedule,bloodhorse_news,"2026-08-23 01:03 (ByAmerica's Best Racing StaffTuesday, 4:01 PM)"
Autumn Glow heralds the start of spring,https://www.anzbloodstocknews.com/autumn-glow-heralds-the-start-of-spring/,anz_bloodstock,"August 23, 2026"
Munz hoping for black-type cash in with Global Goal,https://www.anzbloodstocknews.com/munz-hoping-for-black-type-cash-in-with-global-goal/,anz_bloodstock,"August 22, 2026"
Arrowfield cop big blow as Vandeek ruled out for season,https://www.anzbloodstocknews.com/arrowfield-cop-big-blow-as-vandeek-ruled-out-for-season/,anz_bloodstock,"August 21, 2026"
Pembrey the prelude to a breeding bonanza for Kia Ora,https://www.anzbloodstocknews.com/pembrey-the-prelude-to-a-breeding-bonanza-for-kia-ora/,anz_bloodstock,"August 19, 2026"
Mighty mares set to clash,https://www.anzbloodstocknews.com/mighty-mares-set-to-clash/,anz_bloodstock,"August 19, 2026"
O’Neill fillies are firing,https://www.anzbloodstocknews.com/oneill-fillies-are-firing/,anz_bloodstock,"August 17, 2026"
Saturday summary: Sensational Autumn Glow secures 10th Winx Stakes for Waller,https://www.ttrausnz.com.au/edition/2026-08-23/saturday-summary-sensational-autumn-glow-secures-10th-winx-stakes-for-waller,ttr_ausnz,2026-08-23
"The first leg of the Darley Princess Series was absolutely conquered by Tony Gollan's gutsy filly Pembrey, who now chases the G2 Furious Stakes in two weeks' time. Judas Tree served up a Godolphin quinella in the first race at Sandown, and later on the card, the progressive Buggsy aided Craig Williams in securing a four-timer.",https://www.ttrausnz.com.au/edition/2026-08-23/3yo-summary-give-her-a-slot-in-the-everest-pembrey-sews-up-silver-shadow,ttr_ausnz,2026-08-23
"The covering season is just days away and the annual stallion parades in the Hunter Valley provide a last opportunity to physically assess who's going in your mating plans this spring. In Part 1, those who attended parades at Yarraman Park Stud, Newgate Farm, Darley, and Yulong's Segenhoe farm tell us who caught their eye this weekend.",https://www.ttrausnz.com.au/edition/2026-08-23/which-stallions-impressed-in-the-hunter-valley-part-1-they-really-are-the-stars-of-the-show,ttr_ausnz,2026-08-23
USA sensation Bacio won the G1 Nunthorpe from former shuttler Starlust with European Champion Sprinter Asfoora brave in defeat. She will be retired. Arapaho Gold gave first season sire Bayside Boy his first group winner in the G2 Gimcrack Stakes.,https://www.ttrausnz.com.au/edition/2026-08-23/international-bacio-wins-nunthorpe,ttr_ausnz,2026-08-23
"The G1 Winx Stakes headlines a stellar Saturday at Randwick as Autumn Glow and Sheza Alibi finally meet, while there is plenty of other interest with a strong black type undercard, and Sandown provides a solid back-up with some strong potential spring prospects stepping out.",https://www.ttrausnz.com.au/edition/2026-08-22/saturday-preview-autumn-glow-and-sheza-alibi-set-for-glamour-winx-stakes-clash,ttr_ausnz,2026-08-23
"Roselyn’s Star produced a dominant display to open Rosehill’s latest trials, while a host of promising youngsters and proven performers made their presence felt as preparations for the spring season gather momentum.",https://www.ttrausnz.com.au/edition/2026-08-22/trial-report-roselyns-star-dashes-to-victory-as-rosehill-trials-unveil-spring-contenders,ttr_ausnz,2026-08-23
"The second day of the York carnival was full of action, and it was Kalpana that went back-to-back at the Group 1 level, picking up the G1 Yorkshire Oaks. Sun Goddess picked up the valuable Harry's Half Million, and Libertango won the G2 Lowther Stakes and now has her sights on the Breeders' Cup.",https://www.ttrausnz.com.au/edition/2026-08-22/international-kalpana-wins-the-yorkshire-oaks-in-a-thriller,ttr_ausnz,2026-08-23
"In today's Matings Mix, Ridgmont director Mitch Cunningham lifts the lid on the mating plans for some of the high quality mares in his broodmare band. Talent on the track and in the shed will have the Ridgmont mares visiting the likes of Storm Boy, Tentyris, and Extreme Choice in 2026.",https://www.ttrausnz.com.au/edition/2026-08-21/matings-mix-ridgmont-mares-backing-storm-boy-to-the-hilt,ttr_ausnz,2026-08-23
"Rosemont Stud’s consistent performer Narbold produced his biggest win with a dominant Listed Rowley Mile victory, while Sparkling Fire, My Charm and Moscow Maid also impressed in their respective Hawkesbury assignments.",https://www.ttrausnz.com.au/edition/2026-08-21/narbold-rules-in-the-rowley-mile-at-hawkesbury,ttr_ausnz,2026-08-23
Kamper pressed over Racing NSW control of Crown land racecourses,https://www.ttrausnz.com.au/edition/2026-08-21/kamper-pressed-over-racing-nsw-control-of-crown-land-racecourses,ttr_ausnz,2026-08-23
Science Corner: An hour of turnout for a happier horse,https://www.ttrausnz.com.au/edition/2026-08-21/science-corner-an-hour-of-turnout-for-a-happier-horse,ttr_ausnz,2026-08-23
International: New 3-year-old star shines for Frankel in Juddmonte International,https://www.ttrausnz.com.au/edition/2026-08-21/international-new-3-year-old-star-shines-for-frankel-in-juddmonte-international,ttr_ausnz,2026-08-23
Autumn Glow outshines Sheza Alibi to win Winx Stakes as beaten owner eyes rematch,https://www.smh.com.au/sport/racing/autumn-glow-outshines-sheza-alibi-to-win-winx-stakes-as-beaten-owner-eyes-rematch-20260822-p60qkm.html,smh_racing,"August 22, 2026"
O’Shea and Charlton eye Big Dance ticket with Cross Tasman,https://www.smh.com.au/sport/racing/o-shea-and-charlton-eye-big-dance-ticket-with-cross-tasman-20260822-p60qlq.html,smh_racing,"Randwick trainers John O’Shea and Tom Charlton will look to strengthen their chances for the $3 million Big Dance at Randwick in November when promising galloper Cross Tasman resumes from a spell in Sunday’s $200,000 Goulburn Australia Goulburn Cup (1400m)."
Race-by-race preview and tips for Goulburn on Sunday,https://www.smh.com.au/sport/racing/race-by-race-preview-and-tips-for-goulburn-on-sunday-20260822-p60ql7.html,smh_racing,"August 22, 2026"
Gollan filly makes flying return to cast shadow over spring features,https://www.smh.com.au/sport/racing/gollan-filly-makes-flying-return-to-cast-shadow-over-spring-features-20260822-p60qkl.html,smh_racing,"August 22, 2026"
"Winx, Black Caviar and Autumn Glow: Why Sheza Alibi owner is backing his star",https://www.smh.com.au/sport/racing/winx-black-caviar-and-autumn-glow-why-sheza-alibi-owner-is-backing-his-star-20260821-p60q9z.html,smh_racing,"August 21, 2026"
Rawiller counting on Beiwacht to upstage rivals again at pet distance,https://www.smh.com.au/sport/racing/rawiller-counting-on-beiwacht-to-upstage-rivals-again-at-pet-distance-20260820-p60q41.html,smh_racing,"August 20, 2026"
Tips and previews for racing at Randwick on Saturday,https://www.smh.com.au/sport/racing/tips-and-previews-for-racing-at-randwick-on-saturday-20260820-p60q3y.html,smh_racing,"August 20, 2026"
Smith happy to have a crack at tougher races with rising mares,https://www.smh.com.au/sport/racing/smith-happy-to-have-a-crack-at-tougher-races-with-rising-mares-20260820-p60q0f.html,smh_racing,"August 20, 2026"
Thompson sees starring role for Screen Icon after luckless early runs,https://www.smh.com.au/sport/racing/thompson-sees-starring-role-for-screen-icon-after-luckless-early-runs-20260820-p60py5.html,smh_racing,"August 20, 2026"
Spring Cups hopes building for Baker in Randwick features,https://www.smh.com.au/sport/racing/spring-cups-hopes-building-for-baker-in-randwick-features-20260819-p60pv2.html,smh_racing,"August 20, 2026"
Race-by-race preview and tips for Hawkesbury on Thursday,https://www.smh.com.au/sport/racing/race-by-race-preview-and-tips-for-hawkesbury-on-thursday-20260819-p60pq8.html,smh_racing,"August 19, 2026"
Irad Ortiz Jr. ‘off until futher notice’ due to injury,https://www.drf.com,drf_news,2026-08-21 13:30
"‘Big, high-energy horse’: Judas Tree shows fighting spirit",https://www.dailytelegraph.com.au,daily_telegraph,2026-08-22 11:14
"Quinté+ du dimanche 23 août à Deauville : Gerard Ter Borch ne va pas décevoir (Quinté+ for Sunday, August 23rd in Deauville: Gerard Ter Borch will not disappoint)",https://www.equidia.fr/articles/quinte/template-article-quinte-du-dimanche-23-ao%C3%BBt,equidia_racing,Publié il y a 11 heures
Dimanche à Montier-en-Der - Toutes les infos avant la 13ème étape du Trophée Vert (Sunday in Montier-en-Der - All the information before the 13th stage of the Trophée Vert),https://www.equidia.fr/articles/pour-preparer-vos-paris/dimanche-a-montier-en-der-toutes-les-infos-avant-la-13eme-etape-du-trophee-vert,equidia_racing,Publié il y a 7 heures
"Quinté Week-End : Analyse du Quinté+ du dimanche 23 août à Deauville-La Touques (Quinté Weekend: Analysis of Sunday, August 23rd's Quinté+ at Deauville-La Touques)",https://www.equidia.fr/articles/pour-preparer-vos-paris/quinte-week-end-analyse-du-quinte-du-dimanche-23-aout-a-deauville-la-touques,equidia_racing,Publié il y a 8 heures
"Les pronostics des experts pour la réunion 1 à DEAUVILLE-LA TOUQUES ce dimanche 23 août (Expert predictions for Meeting 1 at Deauville-La Touques this Sunday, August 23rd)",https://www.equidia.fr/articles/pour-preparer-vos-paris/les-pronostics-des-experts-pour-la-reunion-1-a-deauville-la-touques-ce-dimanche-23-aout,equidia_racing,Publié il y a 9 heures
Sumbe Prix Jean et Louis Romanet : analyse et conseil de jeu (Sumbe Prix Jean et Louis Romanet: Analysis and betting advice),https://www.equidia.fr/articles/pour-preparer-vos-paris/sumbe-prix-jean-et-louis-romanet-analyse-et-conseil-de-jeu,equidia_racing,Publié il y a 9 heures
Dimanche à Deauville - Sumbe Prix Morny (Groupe 1) : Analyse et conseil de jeu (Sunday in Deauville - Sumbe Prix Morny (Group 1): Analysis and betting advice),https://www.equidia.fr/articles/pour-preparer-vos-paris/dimanche-a-deauville-sumbe-prix-morny-groupe-1-analyse-et-conseil-de-jeu,equidia_racing,Publié il y a 9 heures
"Les repérés en piste pour le dimanche 23 août (Ones to watch on the track for Sunday, August 23rd)",https://www.equidia.fr/articles/pour-preparer-vos-paris/les-reperes-en-piste-pour-le-dimanche-23-aout,equidia_racing,Publié il y a 9 heures
Grand Prix du Département des Alpes-Maritimes : Cobra Killer Gar remporte son premier groupe 2 ! (Grand Prix of the Alpes-Maritimes Department: Cobra Killer Gar wins his first Group 2!),https://www.equidia.fr/articles/retour-sur-les-courses/grand-prix-du-departement-des-alpes-maritimes-cobra-killer-gar-remporte-son-premier-groupe-2,equidia_racing,Publié il y a 6 heures
"Arrivée et rapports du Quinté+ du samedi 22 août à Deauville : Prince Aubois confirme et s’affirme ! (Result and payouts for Saturday, August 22nd's Quinté+ at Deauville: Prince Aubois confirms and asserts himself!)",https://www.equidia.fr/articles/retour-sur-les-courses/template-article-post-quinte-du-samedi-22-ao%C3%BBt,equidia_racing,Publié il y a 11 heures
"Johnny Hammer, la base solide du Quinté+ de ce dimanche 23 août (Johnny Hammer, the solid base for this Sunday, August 23rd's Quinté+)",https://www.equidia.fr/articles/actualite/johnny-hammer-la-base-solide-du-quinte-de-ce-dimanche-23-aout,equidia_racing,Publié il y a 5 heures
"Trot - Alexandre Abrivard : ""Si j'en suis à la moitié, je signe tout de suite"" (Trotting - Alexandre Abrivard: ""If I'm halfway there, I'll sign right away"")",https://www.equidia.fr/articles/actualite/trot-alexandre-abrivard-si-jen-suis-a-la-moitie-je-signe-tout-de-suite,equidia_racing,Publié il y a 8 heures
Sumbe Prix Morny : présentation des deux chances françaises par Michael Cardine (Sumbe Prix Morny: Presentation of the two French chances by Michael Cardine),https://www.equidia.fr/articles/actualite/sumbe-prix-morny-presentation-des-deux-chances-francaises-par-michael-cardine,equidia_racing,Publié il y a 17 heures
"Prince Aubois, l'outsider séduisant du Quinté+ de ce samedi 22 août (Prince Aubois, the appealing outsider for this Saturday, August 22nd's Quinté+)",https://www.equidia.fr/articles/actualite/prince-aubois-loutsider-seduisant-du-quinte-de-ce-samedi-22-aout,equidia_racing,Publié il y a 18 heures
"Les 5 pénos du dimanche 23 août (The 5 picks for Sunday, August 23rd)",https://www.equidia.fr/articles/pour-preparer-vos-paris/les-5-penos-du-dimanche-23-aout,equidia_racing,Publié il y a 10 heures
"Faites le papier du Quinté+ de ce dimanche 23 août (Study the form for this Sunday, August 23rd's Quinté+)",https://www.equidia.fr/articles/pour-preparer-vos-paris/faites-le-papier-du-quinte-de-ce-dimanche-23-aout,equidia_racing,Publié il y a 10 heures
"Les 3 tuyaux du Quinté+ de ce dimanche 23 août à Deauville (The 3 tips for this Sunday, August 23rd's Quinté+ at Deauville)",https://www.equidia.fr/articles/pour-preparer-vos-paris/les-3-tuyaux-du-quinte-de-ce-dimanche-23-aout-a-deauville,equidia_racing,Publié il y a 11 heures
"Quinté+ du dimanche 23 août à Deauville : Analyse et décryptage de la course de réf (Quinté+ for Sunday, August 23rd in Deauville: Analysis and decoding of the reference race)",https://www.equidia.fr/articles/pour-preparer-vos-paris/quinte-du-dimanche-23-aout-a-deauville-analyse-et-decryptage-de-la-course-de-ref,equidia_racing,Publié il y a 11 heures
"Le Quinté+ du dimanche 23 août vu par les statistiques (Sunday, August 23rd's Quinté+ as seen by statistics)",https://www.equidia.fr/articles/pour-preparer-vos-paris/le-quinte-du-dimanche-23-aout-vu-par-les-statistiques,equidia_racing,Publié il y a 11 heures
"Les trois belles cotes de ce samedi 22 août (The three good odds for this Saturday, August 22nd)",https://www.equidia.fr/articles/pour-preparer-vos-paris/les-trois-belles-cotes-de-ce-samedi-22-aout,equidia_racing,Publié il y a 14 heures
"L'analyse des cotes du Quinté+ du samedi 22 août (Odds analysis for Saturday, August 22nd's Quinté+)",https://www.equidia.fr/articles/pour-preparer-vos-paris/lanalyse-des-cotes-du-quinte-du-samedi-22-aout,equidia_racing,Publié il y a 15 heures
